Type,carbon_12_13,nitrogen_14_15
AB,1.57,59
AB,1.88,67
AB,1.94,78
AB,1.96,80
AB,2.15,118
Y,2.2,35.22
AB,2.22,79
AB,2.31,118
AB,2.35,115
AB,2.35,240
AB,2.36,231
AB,2.37,111.03
AB,2.37,138
AB,2.45,39
AB,2.57,90
AB,2.57,459.04
AB,2.66,57
AB,2.66,79
AB,2.71,286
AB,2.71,305
AB,2.74,347
AB,2.8,58
AB,2.83,132
AB,2.86,543
AB,2.87,134
AB,2.90,97
AB,2.92,109
AB,2.92,107
AB,2.95,591
AB,2.97,463
AB,2.97,577
AB,2.98,340
AB,2.98,96
AB,3,143
AB,3.02,116.2
AB,3.02,101
AB,3.04,99
AB,3.05,265
AB,3.1,89
AB,3.08,464
AB,3.11,296
AB,3.15,109
AB,3.17,99
AB,3.20,58
AB,3.21,114
AB,3.23,396
AB,3.24,178
AB,3.2,54
AB,3.25,132
AB,3.26,56
AB,3.26,97
AB,3.27,374
AB,3.27,384
AB,3.30,793
AB,3.3,65
AB,3.3,225
AB,3.4,317
AB,3.41,114
AB,3.42,382
AB,3.46,157
AB,3.46,186
AB,3.46,270.95
AB,3.46,422
AB,3.48,1422
AB,3.5,275.12
AB,3.5,423
AB,3.55,219
AB,3.573,62.6
AB,3.59,99
AB,3.59,2798
AB,3.60,1540
AB,3.65,796
AB,3.72,259.39
AB,3.73,161.66
AB,3.73,514.17
AB,3.7,163
AB,3.74,206
AB,3.83,729
AB,3.87,141
AB,4.0,301
AB,4.0,292
AB,4.0,154
N,4.02,11.61
AB,4.04,136
AB,4.1,331
AB,4.08,432.62
AB,4.10,991
AB,4.1,5081
N,4.18,30.1
AB,4.18,294
AB,4.25,122
AB,4.25,4680
AB,4.37,176
AB,4.38,308
U,4.4,305
AB,4.4,308
AB,4.42,1567
AB,4.43,158
AB,4.47,143
AB,4.49,326
AB,4.50,1689
N,4.5,7
AB,4.51,179.45
AB,4.54,3602
AB,4.55,151
AB,4.56,3301
AB,4.57,2491
AB,4.62,4127
AB,4.66,187.18
AB,4.66,3279
AB,4.7,407
AB,4.69,2516
AB,4.69,2950
AB,4.7,1554
AB,4.75,2672
AB,4.770,431
AB,4.77,3140
AB,4.79,68
AB,4.80,3612
AB,4.81,282
AB,4.83,6188
AB,4.86,5838
AB,4.87,81
AB,4.87,110
AB,4.87,1371
AB,4.87,2742
AB,4.9,12000
AB,4.92,2335
AB,4.98,529
AB,5.03,2334
AB,5.1,1580
N,5.1,19.7
AB,5.11,1031.52
AB,5.15,2928
AB,5.16,1755
AB,5.2,3279
AB,5.17,119
AB,5.17,794
AB,5.2,2725
AB,5.29,397
AB,5.29,475.21
AB,5.33,485.76
AB,5.37,2272
AB,5.4,381
AB,5.42,3989
AB,5.45,243
AB,5.5,2986
AB,5.51,1230
AB,5.55,329
AB,5.57,4712
AB,5.59,332.76
N,5.59,6.82
AB,5.69,281
AB,5.7,251
AB,5.73,2014
AB,5.75,259
AB,5.76,1135
AB,5.80,4612
AB,5.80,711
AB,5.81,851.92
AB,5.83,649.5
AB,5.87,5741
AB,5.89,243.32
AB,5.97,313
AB,5.97,500.83
AB,6.02,299.37
AB,6.052,3546
AB,6.06,819
AB,6.07,2169
AB,6.08,43
AB,6.10,475
AB,6.13,971
AB,6.15,842
AB,6.15,1587
AB,6.2,490.5
AB,6.22,175.33
AB,6.23,819
AB,6.24,360
AB,6.24,632
AB,6.26,441
AB,6.3,1552
AB,6.32,279
AB,6.33,473
AB,6.43,3061
AB,6.47,272
N,6.48,15.77
AB,6.53,3677
AB,6.58,3506
AB,6.61,1577
AB,6.66,1452
N,6.8,5.22
AB,6.80,6623
AB,6.81,4039
AB,6.82,462
AB,6.8,1394
AB,6.86,1919
AB,6.87,290
AB,6.89,614.25
AB,6.89,4487
AB,6.94,3205
AB,7.02,1775.6
AB,7.03,6669
AB,7.04,9819
AB,7.07,840
AB,7.2,6904
AB,7.2,3081
AB,7.3,8233
AB,7.27,2707
AB,7.37,516.87
AB,7.37,1696.55
AB,7.4,283
AB,7.39,756
AB,7.40,75
AB,7.55,662
AB,7.74,446
AB,7.75,881
AB,7.76,776
AB,7.77,299
AB,7.8,1293
AB,7.87,420
AB,7.92,1367
AB,7.93,1751
AB,8.2,375
AB,8.27,724
AB,8.31,2081
AB,8.31,2171
N,8.4,13.7
AB,8.4,8309
AB,8.6,1501
AB,8.6,254
AB,8.65,2654
AB,8.68,1300
AB,8.70,2468
AB,8.74,917
AB,8.76,1940
AB,8.78,4514
AB,8.80,1471
AB,8.820,1792
AB,8.82,10107
AB,8.89,4303
AB,9.0,1364
AB,9.01,4286
AB,9.0,1511
AB,9.03,1364
AB,9.0,649
AB,9.06,48
AB,9.3,1681
AB,9.3,321
AB,9.3,608
AB,9.4,3285
AB,9.40,2687
AB,9.69,267
AB,9.71,1101
AB,9.74,330
AB,9.80,249
AB,9.9,502
AB,9.9,930
M,10.12,2955
AB,10.2,698
AB,10.2,3897
M,10.29,1416
AB,10.3,154
Z,11,6461
AB,11.1,516
M,11.12,996.66
M,11.1,546
AB,11.27,2143.63
AB,11.4,648
M,12.3,3676
Z,13.18,1264
M,13.4,4166
M,14.01,747
M,14.5,1509
M,14.61,504
M,14.8,1251
M,14.96,611.96
M,15.1,5009
M,15.2,200
M,15.4,1224
X,15.60,34.0
M,16.2,337
M,16.6,14318
M,16.7,1159
M,16.7,1658
M,16.93,774.58
M,16.9,1943
M,17.03,651.69
M,17.2,870
M,17.2,1347
M,17.19,897.65
M,17.6,190
M,17.7,912.13
X,17.8,58.0
M,18.1,360
M,18.5,923
U,18.70,10007.55
M,18.96,445
M,18.98,458.02
M,19.20,2097
M,19.26,7143
M,19.3,434
M,19.3,370
M,19.43,1736
M,19.52,410
M,19.57,1951.22
M,19.87,401
M,20.0,3297
AB,20,91
M,20.1,2807
M,20.09,500
M,20.2,5939
M,20.3,403.1
M,20.6,226
M,20.6,4557
M,21.0,9301
M,21.1,1837
M,21.2,608
X,21.4,49.2
M,21.7,5370
M,21.8,718
M,22.03,1007.1
M,22.16,4589
M,22.44,918
M,22.5,229
M,22.56,453.48
M,22.8,1131
Z,23,1347
M,23.2,2636
M,23.2,2437
M,23.4,2573
M,23.5,944
M,23.6,3053
Z,23.58,2041
M,23.71,733
M,23.8,1644
M,23.8,933
M,23.9,9892
M,24.2,1246
M,24.29,4485
M,24.3,1512
M,24.32,1448.52
M,24.9,1013
M,24.9,548
M,25.1,326
M,25.18,1233
M,25.3,476
U,25.4,45
Z,25.6,6536
M,25.64,2167.23
M,25.70,719
M,25.72,560
X,26.1,29.2
M,26.3,3380
M,26.3,536
M,26.53,1686
M,26.6,1029
M,26.7,1734
M,26.70,3204
X,26.71,36.3
M,26.76,971
M,27.0,1753
M,27.04,3349.01
M,27.1,959
M,27.1,6005
M,27.3,2636
M,27.30,1719
M,27.37,1796
M,27.40,1502
M,27.4,1577
M,27.48,1063
M,27.66,4262
M,27.67,3173
M,27.70,4902
M,27.80,3791
M,27.80,3891
M,27.85,1397
M,27.9,715
Z,28,3869
M,28.14,445
M,28.21,469.8
M,28.30,1256
M,28.4,1845
M,28.40,1195
M,28.7,424
M,28.83,2844
M,29.2,638
M,29.3,1092
M,29.4,1260
M,29.5,4768
M,29.6,2321
M,29.81,750
M,29.8,8978
M,30.23,420.81
M,30.2,6467
M,30.4,640
M,30.45,364
M,30.76,3366
X,31.0,48.1
M,31.0,2166
M,31.0,6345
M,31.2,6734
M,31.26,2149
M,31.3,2217
M,31.63,1945
M,31.71,2007
M,32.08,2390
M,32.1,3987
M,32.36,286
M,32.7,3281
Z,32.8,559
M,33.02,921
M,33.19,469
M,33.3,1525
M,33.35,394
M,33.40,2007
M,33.5,2523
M,33.8,1167
M,33.8,2246
M,34.0,3892
M,33.99,2505
M,34.07,522
M,34.36,1864
M,34.5,1562
M,34.5,2519
M,34.76,749
M,34.9,4730
M,34.9,1366
M,35.1,3193
M,35.13,3807
M,35.2,3098
M,35.3,1409
M,35.41,208
X,35.6,34.8
M,35.7,474
M,35.8,19023
M,36.0,3994
M,36.1,4066
M,36.16,658
M,36.4,789
M,36.49,2193
M,36.76,785
M,36.88,3729
M,37.0,2306
M,37.10,789
M,37.1,9737
M,37.2,2571
M,37.29,513.02
M,37.4,237
M,37.4,5246
M,37.7,2706
M,37.7,2610
Z,37.77,434
M,37.79,963
M,37.8,1067
M,37.9,2451
M,37.9,649
M,38.0,3651
M,38,1708
M,38.20,1620
M,38.28,298
M,38.3,794
M,38.3,6539
M,38.4,4982
M,38.5,1801
M,38.9,1739
M,38.99,1068
X,39,24.9
M,39.2,5113
M,39.2,1456
M,39.28,2049
M,39.4,1055
X,39.5,62.7
M,39.72,865
M,39.7,577
M,39.76,2964
M,39.8,385
M,39.9,2376
M,39.88,1310
M,39.9,1236
M,40.16,3051
M,40.2,464
M,40.29,7452
M,40.3,598
M,40.4,1637
M,40.42,833
X,40.4,55.3
M,40.48,756
M,40.7,3137
M,40.68,453
M,40.72,388
X,41,71
M,40.8,2315
M,40.9,2920
M,40.86,424
M,40.9,1842
M,41.0,5066
M,41.0,3566
M,41.07,321.25
M,41.1,2833
M,41.1,14304
M,41.2,9714
M,41.3,3230
M,41.3,4626
M,41.30,1259
M,41.30,3597
Z,41.31,587.4
M,41.35,831
M,41.4,2526
M,41.5,367
M,41.51,462
M,41.5,3193
M,41.63,2109
X,41.70,116.2
M,41.7,3479
M,41.71,1818
M,41.76,398
M,41.8,2815
M,41.8,4077
M,41.8,2989
M,41.8,3565
M,41.8,3063
M,41.84,244.19
M,41.89,445
M,41.9,9253
M,41.98,1531
M,42.00,331
M,42,2068
M,42.0,1021
M,42.0,1481
M,42.1,1341
M,42.1,553
M,42.1,781
M,42.2,675
M,42.2,8635
M,42.23,231.71
M,42.30,2174
M,42.30,4196
M,42.4,2006
M,42.5,568
M,42.6,1363
M,42.66,1322
M,42.69,1053
M,42.69,950.92
M,42.7,1179
M,42.74,399
X,42.8,135
M,42.8,5849
M,42.78,684
M,42.78,762
M,42.98,1420
M,43.0,3594
M,43.0,4928
M,43.03,408
M,43.1,1968
M,43.1,481
M,43.1,2204
M,43.1,933
M,43.15,1915
M,43.20,641
M,43.2,978.28
X,43,25
M,43.4,2775
M,43.4,8412
M,43.45,763.01
M,43.5,1337
M,43.57,911
M,43.6,2435
M,43.7,2145
M,43.79,2151
M,43.8,197
M,43.8,1164
M,43.8,8047
X,43.9,20.5
M,43.9,1375
M,43.9,1515
M,44.00,1153
M,44.0,2117
M,44.1,1186
M,44.2,4006
M,44.2,1709
M,44.34,491.5
M,44.4,6176
M,44.37,406
M,44.4,475
M,44.5,1665
M,44.50,3096
M,44.71,284
M,44.73,511
M,44.73,759.45
M,44.74,485
M,44.8,4967
M,44.83,337
M,44.8,1167
M,44.84,2570
M,44.88,705.34
M,44.90,2924
M,44.9,3240
M,45.0,2421
M,45.03,921
M,45.1,4480
X,45.1,123
M,45.1,785.89
M,45.15,314
M,45.20,604
M,45.3,1682
M,45.26,2071
M,45.27,434
X,45.3,67.5
M,45.4,2484
M,45.45,1045
M,45.46,435
M,45.5,647
M,45.50,1578
M,45.5,1094
M,45.6,2945
M,45.55,4695
M,45.59,484
M,45.6,541
M,45.61,893
M,45.64,587.08
M,45.64,2341
M,45.7,1219
M,45.67,1792.28
M,45.70,497
Z,45.7,282
M,45.7,2455
M,45.76,431
M,45.79,297
M,45.8,257
M,45.8,2920
M,45.84,354
M,45.87,1208
M,45.91,453
M,45.91,693
M,45.92,859
M,45.93,1290
M,45.94,3602.52
M,46.0,1003
M,45.98,399
M,46.01,3163
M,46.08,244
M,46.09,2922
M,46.1,2032
Z,46.10,936
M,46.1,3367
M,46.1,9107
M,46.1,2696
M,46.1,3956
M,46.2,1872
M,46.25,2522
M,46.3,1262
M,46.33,1095
M,46.3,7908
M,46.4,2204
M,46.4,1651.29
M,46.5,3254
M,46.46,402
M,46.48,994
M,46.5,3441
M,46.5,3496
M,46.59,1280.06
M,46.6,3891
M,46.61,3365
M,46.62,417
M,46.64,1465
M,46.7,377
M,46.67,2324
M,46.75,547
M,46.8,2609
M,46.78,1214
M,46.8,3148
M,46.8,4373
M,46.81,2968
M,46.8,3492
M,46.9,7010
M,46.97,884
M,46.98,1051
M,47.0,252
M,47.0,1203
M,47.0,1562
M,47.07,323
M,47.07,985
M,47.08,636
M,47.08,2392
M,47.08,361
M,47.2,4922
M,47.2,1175
M,47.2,1502
M,47.2,4840
M,47.2,2704
M,47.2,1940
M,47.27,1290
M,47.3,3231
M,47.3,568
M,47.3,4902
M,47.39,2087
M,47.4,5221
M,47.4,5348
M,47.41,1537
M,47.45,367
M,47.5,1539
M,47.5,830
M,47.50,4386
M,47.56,623.82
M,47.58,876
M,47.59,807
M,47.60,736
X,47.6,48
M,47.68,961
M,47.7,2556
M,47.71,232
M,47.72,425
M,47.74,442.83
M,47.8,1709
M,47.78,396
M,47.80,845
M,47.81,373
M,47.83,617
M,47.84,1008
M,47.86,388
M,47.9,6477
M,48.0,4718
M,48.0,925
M,48.05,899
M,48.1,5195
X,48.1,102.5
M,48.2,1927
M,48.2,3729
M,48.20,738
M,48.21,319
M,48.24,1348
M,48.27,1055
M,48.29,2241
M,48.31,1625
M,48.3,462
M,48.38,353
M,48.4,306
M,48.4,1269
Z,48.52,499
M,48.53,5684.76
M,48.56,2015
Z,48.57,1130
M,48.58,799
M,48.59,1088
M,48.6,1773
M,48.64,716
M,48.7,4012
M,48.7,4636
M,48.67,504
M,48.7,341
M,48.7,1034
M,48.69,769
M,48.69,632
M,48.7,2233
M,48.69,678
M,48.72,1314
M,48.79,3800.70
M,48.8,1417
M,48.8,4018
M,48.82,716
M,48.8,829
M,48.84,343
M,48.85,935
M,48.90,1767
M,48.90,356
M,48.91,450
M,48.9,9763
M,48.9,4092
M,48.95,328
X,49.0,71.1
M,48.98,374
M,48.98,883
X,49,64
M,49.01,467
M,49.0,1918
M,49.04,667
M,49.1,2265
M,49.08,328
M,49.10,865
M,49.1,2176
M,49.17,3926
M,49.18,769.14
M,49.18,1944
M,49.2,781
M,49.22,346
M,49.28,1189
M,49.30,480
M,49.31,408
M,49.3,2850
M,49.3,305
M,49.34,467
M,49.37,2115.77
M,49.40,1744.08
M,49.40,455
M,49.4,1937
M,49.46,1231
M,49.5,450
M,49.5,1839
M,49.50,610
M,49.50,2217
M,49.54,1249
M,49.6,7197
M,49.59,851
M,49.6,3250
M,49.64,876
M,49.65,325
M,49.65,497
M,49.67,476.06
Z,49.68,521
M,49.7,1215
M,49.7,310
M,49.75,431
M,49.8,258
M,49.8,3418
M,49.80,717
M,49.8,430
M,49.8,1374
M,49.84,781
M,49.8,1812
M,49.86,549
M,50.0,528
M,50.0,400
M,50.1,3098
M,50.1,2160
M,50.1,2381
X,50.20,107.1
M,50.21,2099
Z,50.22,1962
M,50.25,1574
M,50.28,534.95
M,50.3,2523
M,50.3,646
M,50.3,2160
M,50.30,2353
M,50.3,3263
M,50.3,3937
M,50.3,2143
M,50.4,1795
M,50.4,892
M,50.5,571.57
M,50.6,3058
M,50.6,8269
M,50.65,1605
M,50.7,1674
M,50.68,1246
M,50.7,9127
M,50.74,1014
M,50.76,1983
X,50.8,250.7
M,50.80,2801
M,50.81,1561
M,50.82,1427
M,50.9,270
M,50.9,375
M,50.97,1895.09
M,50.97,410
M,51.0,387
M,51,395
M,51.00,1190
Z,51,2147
M,51.1,1051.15
M,51.12,120.96
M,51.17,518
M,51.2,389
M,51.2,608
M,51.18,2366
M,51.2,398
M,51.3,1963
M,51.3,3073
M,51.29,718.52
M,51.3,263
M,51.3,1966
M,51.3,418
M,51.3,1305
M,51.5,2178
M,51.5,413.8
M,51.54,1138
U,51.6,116
M,51.61,770
M,51.62,1170
M,51.64,2184
M,51.6,5838
M,51.7,345
M,51.67,586
M,51.7,2449
M,51.68,1145
M,51.8,3982
M,51.8,1449
M,51.80,907
M,51.86,2566
M,51.91,417.63
M,51.91,2970
M,51.9,9190
M,51.94,737
M,52.0,8719
M,52,3003
M,52.0,7313
M,52.0,2451
M,52.1,315
M,52.1,374
Z,52.1,323
M,52.1,567.36
M,52.12,2345
M,52.16,528.79
M,52.2,413
M,52.25,3893
M,52.29,824.51
M,52.30,1090.57
M,52.31,411
M,52.31,1557
M,52.3,1304
M,52.33,755.99
M,52.36,408
M,52.4,3925
M,52.4,1143
M,52.39,2144
M,52.39,589
M,52.40,1294
M,52.4,7937
M,52.5,2319
M,52.5,3445
M,52.51,493
M,52.5,1491
M,52.5,2415
M,52.6,1424
M,52.6,2081
M,52.6,2181
M,52.65,419
M,52.7,2033
M,52.69,2927.76
M,52.7,2653
M,52.71,341
M,52.75,718.39
M,52.75,2473
M,52.77,494.54
M,52.8,2437
M,52.8,1696
M,52.8,4069
M,52.80,680
M,52.81,785
M,52.9,1533
M,52.90,722
M,52.9,1765
M,52.9,3208
M,52.99,297
M,52.99,626
M,53.0,1275
M,53.02,384.09
M,53.0,383
M,53.0,197
M,53.03,1450
M,53.1,2160
M,53.1,2000
M,53.10,4202
M,53.13,303
M,53.14,274
M,53.15,503
M,53.2,1498
M,53.19,425.96
M,53.2,1867
M,53.20,496
M,53.2,2170
M,53.24,5493
M,53.2,879
M,53.3,1499
M,53.3,1356
M,53.3,646
M,53.4,7183
M,53.4,1875
M,53.42,340
M,53.47,759
M,53.48,424
M,53.5,1081
M,53.52,214
Z,53.57,511.65
M,53.62,2194
M,53.67,286
M,53.71,754
M,53.71,2459
M,53.7,242
M,53.7,1191
M,53.8,2491
M,53.8,2827
M,53.8,3937
M,53.82,2711
M,53.9,1736
M,53.9,6507
M,53.93,1895
M,53.98,393
M,53.98,2558
M,54,531
M,54,796
Z,54.03,1146.45
M,54.0,2885
M,54.07,312
M,54.09,274
M,54.09,788
M,54.09,2467
M,54.16,1061.48
M,54.17,214
M,54.2,1367
M,54.2,3702
M,54.28,311
M,54.3,1477
M,54.33,209
M,54.4,11537
M,54.45,884
M,54.45,1692
M,54.46,1668
M,54.5,4634
M,54.55,578
M,54.6,2822
M,54.57,1889
M,54.64,340
M,54.68,1608
M,54.68,277
M,54.7,1946
M,54.71,905
M,54.74,1367
M,54.8,3920
M,54.8,2652
M,54.86,2627
M,54.86,529
M,54.87,880
M,54.87,1201
M,54.9,1101
M,54.91,1405
M,55.0,970
M,54.99,1231
M,55.06,912.99
M,55.07,1054
M,55.10,2028
M,55.11,823
M,55.15,1248
M,55.2,2888
M,55.17,358
M,55.2,244.7
M,55.2,3012
M,55.3,3912
M,55.3,2636
Z,55.3,2113
M,55.30,3356
M,55.3,4950
M,55.3,1261
M,55.33,2005.21
M,55.35,278
M,55.4,809
M,55.39,553
M,55.4,350
M,55.4,2087
M,55.5,4898
M,55.52,2908
M,55.5,261
M,55.6,2438
M,55.6,3379
M,55.63,1384
M,55.68,323
M,55.7,536
M,55.8,944
M,55.8,3273
X,55.9,75
M,55.9,908
M,55.91,1497
M,56.00,5814
M,56.0,1004
M,56.0,8072
M,56.06,1310
M,56.07,2717
M,56.08,327
M,56.1,4737
M,56.13,812
M,56.2,1090
M,56.3,555
M,56.32,1086
M,56.39,834
M,56.4,705
M,56.40,3425
M,56.4,5312
M,56.4,1709
M,56.46,308
M,56.47,1383
M,56.47,332
M,56.5,183
M,56.55,444
U,56.6,111
M,56.58,924.27
M,56.61,280
M,56.6,11527
M,56.7,305
M,56.76,1377
M,56.8,3593
M,56.82,742
M,56.87,1176
X,56.92,167.2
M,57.0,1623
M,57.0,1340
M,56.97,1115
M,57.03,494.54
M,57.16,489
M,57.2,13399
M,57.2,1453
M,57.2,5551
M,57.26,1155
M,57.3,6389
Z,57.3,660
M,57.3,969.62
M,57.30,3472
M,57.4,1976
M,57.41,1578
M,57.5,1512
M,57.47,5356.11
M,57.47,902
M,57.49,701
M,57.5,1475.87
M,57.5,434
M,57.5,1333
M,57.6,2318
M,57.60,576
M,57.6,536.78
M,57.6,2048
M,57.6,296
M,57.7,244
M,57.7,435
M,57.75,564
M,57.80,897
M,57.8,1728
M,57.84,1134
M,57.86,430.2
M,57.87,399
M,57.89,676
M,57.9,931.57
M,57.91,2709
M,57.94,378
M,57.9,1146
M,57.99,4252
M,58.0,2058
M,58.1,4438
M,58.1,1361
M,58.12,285
M,58.13,1801
M,58.1,2256
M,58.2,2453
M,58.19,435
M,58.22,2011
M,58.27,880
M,58.31,705
M,58.3,728
M,58.38,895
M,58.40,1914
M,58.51,396
M,58.55,1339
M,58.61,1261
M,58.6,8475
M,58.66,735
M,58.7,1174
M,58.69,413.14
M,58.79,1938.35
M,58.8,421
M,58.92,315
M,59.2,1008
M,59.2,470
M,59.2,736
M,59.25,748
M,59.3,912
M,59.30,4032
M,59.31,470
M,59.3,2003
M,59.38,396
M,59.39,692
M,59.4,13737
M,59.5,4667
M,59.54,906.96
M,59.58,924
M,59.6,903
M,59.61,1863.78
M,59.63,494
M,59.7,2136
M,59.73,1733
M,59.7,4858
M,59.8,3897
M,59.8,9316
M,59.77,302
M,59.78,1761
M,59.8,2487
M,59.81,357
M,59.8,1365
M,59.9,546
M,59.85,1008
M,59.9,3848
M,59.9,4049
M,59.88,269
M,59.91,2169
M,59.9,3363
M,60.0,5344
M,59.97,745
M,60.0,1941
M,60.00,5747
M,60.12,576
M,60.1,5656
M,60.2,3021
M,60.20,1942
M,60.22,1283
M,60.3,319
M,60.31,716
M,60.34,569.88
M,60.43,1416
M,60.5,1023
M,60.5,2435
M,60.6,4115
M,60.57,3288
M,60.6,2113
M,60.62,1381.92
M,60.6,6018
M,60.6,603
M,60.67,4556
Z,60.7,3258
M,60.75,718.71
M,60.77,1199
M,60.83,3560.59
M,60.9,2723
M,60.89,764
M,60.89,2183
M,60.89,2974
M,60.9,320
M,60.9,809
M,60.93,1121
M,60.95,2039
Z,61,4927
M,61.0,2069
M,61.03,1530
M,61.05,1431
M,61.1,1909
M,61.14,3769
M,61.1,3510
M,61.15,1219
M,61.17,1143
M,61.18,1761
M,61.2,1493
M,61.22,597
M,61.22,1776
M,61.2,3388
M,61.2,5574
Z,61.24,1189.83
M,61.2,1207
M,61.28,269
M,61.3,883
M,61.34,1795
M,61.3,3617
M,61.35,2741
M,61.35,2248
M,61.38,615
M,61.4,1626
M,61.4,2720
M,61.4,4149
M,61.5,1109
M,61.5,882
M,61.49,994
M,61.50,3115
M,61.5,2285
M,61.5,2953
M,61.5,568
M,61.6,4563
M,61.59,1800
M,61.6,828
M,61.64,1797
M,61.64,1502
M,61.65,1258
M,61.66,869.24
M,61.7,394
M,61.7,3412
M,61.78,1836
M,61.79,734
M,61.8,2583
M,61.82,617
M,61.90,1137
M,61.90,3425
M,61.90,6711
M,61.92,301
M,61.96,284
M,62.0,2968
M,62.0,16585
M,62.0,2672
M,62.03,1025
M,62.1,1598
M,62.05,2801
M,62.1,4251
M,62.1,266
M,62.1,3127
M,62.20,2985
M,62.2,3457
M,62.3,1287
M,62.28,847
M,62.29,1099
M,62.30,499
M,62.30,2000
M,62.33,1119
M,62.4,1714
M,62.4,1252
M,62.4,1272
M,62.4,4182
M,62.47,2170
M,62.5,3592
M,62.5,1084
M,62.56,425
M,62.57,410
M,62.6,374
M,62.6,532.58
M,62.6,1943
M,62.64,543
M,62.69,1764
M,62.70,865
M,62.7,3876
M,62.70,674
U,62.7,72
M,62.7,1461
M,62.7,1620
M,62.79,490
M,62.79,1211
M,62.80,2874
M,62.81,2061
M,62.87,271
M,62.87,608
M,62.89,2574
M,62.89,741.39
M,62.9,816
M,62.9,3817
M,62.92,503
M,62.93,1449
M,63.0,226
M,63.05,542
M,63.09,1271
M,63.1,1198
M,63.10,5435
M,63.1,2321
M,63.1,5221
M,63.2,3837
M,63.19,655
M,63.19,1413
M,63.2,459
M,63.2,1473
M,63.2,1618
M,63.21,488
X,63.26,75.6
M,63.27,264
M,63.3,5540
M,63.29,2448
M,63.35,1088
M,63.38,2696
M,63.40,781
M,63.50,3236
M,63.5,515
M,63.53,1262
M,63.53,531
M,63.57,3430
M,63.63,494
M,63.6,378
M,63.7,401.0
M,63.71,523
M,63.72,692
M,63.72,1499
M,63.77,1076.7
M,63.8,419
M,63.8,5655
M,63.79,1383
M,63.80,3413
M,63.9,336
M,63.9,1909
M,63.89,736
M,63.90,875
M,63.9,2410
M,63.91,2572
M,63.93,1528
M,63.94,1183
M,64.0,3789
M,64.0,4132
M,64.07,553
M,64.1,8832
M,64.12,365
M,64.16,410
M,64.2,9316
M,64.25,523
M,64.3,1233
M,64.3,5387
M,64.36,1459
M,64.4,2024
M,64.46,1486
M,64.5,517.5
M,64.54,1546
M,64.55,5038.77
M,64.60,3368.07
M,64.6,1215
M,64.6,4444
M,64.6,3422
M,64.7,5468
M,64.71,698
M,64.7,1066
M,64.79,523
M,64.79,357
M,64.8,1739
M,64.81,1091
M,64.82,2168
M,64.86,1373
M,64.9,2755
M,64.96,319
M,64.97,1072
M,65.00,2018
Z,65,1110
M,65.00,4448
M,65.0,1609
M,65.05,1052
M,65.1,2039
M,65.19,1725
M,65.24,943
M,65.3,3706
M,65.4,416
M,65.38,1036.33
M,65.40,1637
M,65.44,564
M,65.45,448
Z,65.48,3032
M,65.49,2831
M,65.49,976
M,65.50,1256
Z,65.50,5556
M,65.57,975
M,65.59,575
M,65.70,1113
M,65.7,1849
M,65.74,625
M,65.82,348
M,65.85,727
M,65.9,703
M,65.87,4355.43
M,65.9,2032
M,65.9,770
M,65.91,2655
M,66.03,558
M,66.07,1828
M,66.1,1640
M,66.13,398
M,66.14,551
M,66.16,622
M,66.16,1763.68
M,66.20,414
M,66.24,431
M,66.28,793.18
M,66.3,2323
M,66.30,1094
M,66.32,600
M,66.34,660.29
M,66.35,4454
M,66.41,495
M,66.42,1209
M,66.4,876
M,66.52,368.91
M,66.5,3381
M,66.55,963
M,66.56,751.08
M,66.6,1863
M,66.64,591
M,66.7,1330
M,66.7,521
M,66.7,1344
M,67.0,13101
X,67,64
M,67.0,769
M,67.11,410.32
M,67.1,1559
M,67.12,2331
M,67.17,1623
M,67.21,3727
M,67.2,1938
M,67.4,332
M,67.41,1009
M,67.4,1473
M,67.4,620
M,67.4,922
M,67.48,328
M,67.49,361
M,67.50,463
M,67.5,1900
M,67.61,931
M,67.6,3773
M,67.65,586
M,67.7,307
M,67.78,813
M,67.83,1029
M,67.97,657
X,68,86
M,68,330
M,68.00,5622
M,68.01,701
M,68.1,1368
M,68.14,2097
M,68.14,417
M,68.16,1318
M,68.16,1041.68
M,68.2,650
M,68.3,407
M,68.33,788
M,68.4,3641
M,68.36,1433
M,68.41,1871
M,68.42,728
M,68.43,653
M,68.45,366
M,68.48,979
M,68.55,1385
M,68.6,1040
M,68.68,457
M,68.7,543
M,68.7,2547
M,68.7,1081
M,68.74,2729
M,68.8,4587
M,68.83,3074
M,68.9,1363
M,68.9,1480
M,68.9,2623
M,68.9,415
M,69.0,463
M,68.96,906.30
M,68.99,1104
M,69,851
M,69,1161
M,69.11,450
M,69.1,1413
M,69.1,2922
M,69.2,1899
M,69.31,728
M,69.4,314
M,69.4,524
M,69.4,7091
M,69.45,618
M,69.49,366
M,69.49,620
M,69.50,3984
M,69.5,2915
M,69.5,3533
Z,69.64,1180
M,69.7,1367
M,69.8,1660
M,69.8,3730
M,69.9,16388
M,69.93,1184
M,70.0,1990
M,70.0,1040
M,70,274
M,70,1681
M,70.1,4016
M,70.21,1065.24
M,70.35,310
M,70.4,354
M,70.5,2531
M,70.6,2185
M,70.6,4920
M,70.64,590
M,70.75,2353
M,70.9,731
M,71.0,803
M,71.14,919
M,71.17,276
M,71.3,476
M,71.26,2270
M,71.32,1553
Z,71.51,1419
M,71.6,13470
M,71.65,511
M,71.67,2123
M,71.68,655.34
M,71.7,2593
M,71.8,1250
M,71.8,3030
M,71.88,2960.81
M,71.94,1555
M,72.0,659
M,72.0,1163
M,72.0,6717
M,72.0,2941
M,72.0,2834
M,72.03,1111
M,72.0,2374
M,72.3,4665
M,72.3,2618
M,72.31,701
M,72.4,3579
M,72.35,443
M,72.40,272
M,72.52,3872.74
M,72.55,1524
M,72.67,513
M,72.69,1511
M,72.7,430
M,72.7,1609
Y,72.73,933
M,72.88,521
M,72.9,2273
M,72.9,658.48
M,73,273
M,73.0,5376
M,73.10,1540
M,73.20,648
M,73.27,595
M,73.29,1374
M,73.3,4284
M,73.3,794
M,73.31,258
M,73.33,768
M,73.34,2101
X,73.4,93
M,73.40,2463
M,73.45,1668
M,73.5,4465
M,73.6,1613
Z,73.63,519
M,73.8,2251
M,73.8,3143
M,73.85,2364.70
X,73.9,164.5
M,73.9,3163
M,73.9,2729
M,73.92,3066
M,73.93,1156
M,73.98,691
M,74,3049
M,74.0,411
M,74.0,1028
M,74.08,615.29
M,74.17,332.61
M,74.20,884
M,74.2,3681
M,74.27,3203.20
M,74.29,2004
X,74.3,207.4
M,74.31,2082
M,74.3,558
M,74.4,2569
M,74.5,884
M,74.5,1175
M,74.53,418
M,74.55,1069.99
M,74.68,1125
M,74.7,810.5
X,74.7,85.7
M,74.9,658
M,75.0,4141
M,74.97,926
M,75.00,1784
Z,75.00,5208
M,75.16,1284
U,75.2,47
M,75.24,566
X,75.35,68.8
M,75.36,2253
M,75.4,3661
M,75.46,356.07
M,75.54,559
M,75.55,806
M,75.56,1320
M,75.7,5028
M,75.68,2763
M,75.77,668
M,75.83,986
M,75.9,2959
M,75.91,1489
M,76.1,661
M,76.09,557
M,76.15,2708
Z,76.2,2431
M,76.43,815
M,76.60,318
M,76.66,564
M,76.7,3641
M,76.70,316.91
M,76.72,591
M,76.76,897
M,76.78,2898
X,76.9,144.4
Z,76.9,1822
M,76.9,1879
M,76.9,658
M,76.9,693
X,77,102
M,77.04,330
M,77.09,1050
M,77.1,3127
M,77.2,2784
M,77.17,766.65
M,77.21,751
M,77.3,3074
M,77.3,3745
M,77.4,4587
M,77.46,1509
M,77.7,239
M,77.7,17860
M,77.76,367
M,77.89,581
M,77.92,1084
M,77.94,1425
M,77.94,424
M,77.97,744
M,78.01,2194
M,78.02,1586
M,78.04,325
M,78.09,318
M,78.2,1267
X,78.3,112.3
M,78.33,1027
M,78.5,2925
M,78.5,427
M,78.55,2397.27
M,78.7,587
M,78.9,2015
M,78.9,626
M,79.2,564
M,79.5,3828
M,79.6,2816
M,79.6,517
M,79.69,683
M,79.82,551
M,80.07,1171.49
M,80.3,1907
Z,80.44,368
M,80.51,453
M,80.5,5739
M,80.5,3115
M,80.56,1347
M,80.70,769
M,80.70,922
M,80.74,3003
M,81.2,1711
M,81.35,1371
M,81.56,669
M,81.8,377
M,81.82,1258
X,81.84,69.64
M,82.0,1431
M,82.0,573
M,82.11,3907
X,82.2,71.9
M,82.85,1877
M,83.0,1152
M,83.20,495
M,83.22,786.73
M,83.3,3405
M,83.38,391
X,83.49,63.38
M,83.5,4899
M,83.5,339
M,83.6,2532
M,83.60,780
M,83.68,1835
M,83.8,1186
M,83.89,476
M,83.95,625
M,84.06,2394
M,84.1,2160
M,84.25,2184
X,84.3,74.6
X,84.4,49
X,84.56,90.12
M,84.68,476
M,85.0,1248
M,85.02,1047
Z,85.6,940
M,85.8,515
X,85.9,82.4
M,86.0,2793
M,86.30,346
M,86.35,418
M,86.36,2235
M,86.4,859
M,86.62,331
M,86.6,2507
M,86.74,279
M,86.77,1008
M,87.06,2594
X,87,87
Z,87.21,2134
M,87.35,2849
M,87.4,2620
M,87.58,772
M,88.1,6411
X,88.3,152.0
M,88.3,2989
M,88.4,4179
M,88.7,471
M,88.8,2858
M,88.87,267
M,89.1,290
M,89.2,4823
M,89.65,980
M,89.66,1184
M,89.83,1640
M,90.0,256
M,90.14,951
M,90.2,304
X,90,83
M,90.29,516.87
M,90.40,1771
M,90.4,340
M,90.44,290
M,90.5,5643
M,90.52,873
M,90.57,505
M,90.7,326
M,90.67,903
M,90.8,287
M,90.87,674.18
M,90.9,289
M,91.0,3333
M,91.03,1480
M,91.1,1529
M,91.1,300
M,91.18,2645
M,91.21,277
M,91.42,2444
M,91.5,6355
M,91.55,284
M,91.6,2427
M,91.6,3102
X,91.6,49
M,91.7,1463
M,91.83,282
M,91.83,317
M,91.9,309
M,92.2,1437
M,92.25,395
M,92.3,1011
M,92.4,1083
M,92.4,1388
M,92.40,296
X,92.4,71.1
M,92.51,2333
M,92.51,1056
M,92.57,1866
M,92.59,270
M,92.83,563
M,92.88,248
M,92.88,292
M,92.98,276
M,92.98,289
M,93,1751
M,93.1,1380
M,93.1,3160
M,93.17,261
M,93.17,288
M,93.27,281
M,93.37,269
M,93.4,198
X,93,198
M,93.46,286
M,93.56,268
M,93.7,3120
M,94.0,651
M,94.15,907
M,94.2,1215
M,94.4,2164
X,94.4,68.1
Z,94.44,1248
M,94.79,478
X,95,52
M,95.0,2125
M,95.48,2833
M,95.6,909
M,95.8,8834
M,95.86,790
X,96,70
M,96.4,1246
M,96.75,2007.48
X,96.8,175
X,96.8,34.5
M,96.9,1320
M,96.87,748
X,97.0,113
M,97.9,1865
M,97.96,1547
M,98.1,1070
M,98.1,1423
M,98.5,3435
Y,98.85,829.34
Y,99.5,293
X,99.6,182
M,99.8,1583
X,100.76,62.3
M,100.9,7536
X,101,22.6
X,101.0,45
X,101,136
Y,101,1650
M,101.7,4012
X,101.9,102.0
Y,101.94,762
Y,102,1238
X,102.7,88.8
M,103.4,1441
M,104.6,2710
Y,105.6,970
M,105.8,2401
Y,105.83,313
Y,106,1309
Y,106,1537
M,106.5,1712
Y,108.0,3691
Y,108.38,1313
M,108.5,637
C,108.93,147.00
Y,110,336
Y,110.0,6651
Y,110.1,5474
Y,110.3,1472
X,111,125
M,110.9,365
Y,111.0,273.4
Y,111.9,5914
M,111.9,267
Y,112,311
Y,112,2388
M,112.0,608
M,112.5,1828
Y,112.65,1491
X,113,72
X,113,164
Y,113.11,942.53
X,114.3,67.2
X,114.3,59.4
Y,114.9,306
Y,115,2424
Y,115,2747
Y,115.1,1667
Y,115.40,3569
X,115.6,45.2
Y,116.1,480
X,116.7,58.2
X,117,49
Y,117.12,534
Y,117.2,1496
X,117.2,78.0
Y,117.97,1696
Y,118,3468
Y,118.5,4271
Y,119.0,2574
X,119,125
Y,119,1610
X,119.3,66.1
X,119.4,110.4
Y,119.69,890
Y,120,3378
X,120.5,46.0
X,121.1,103
Y,121.8,1412
Y,121.9,555
Y,122.0,396
Y,122,920
X,122.6,55
Y,123,1024
Y,123,2275
Z,123,19020
Y,123.1,3456
X,123.3,124.0
Y,124,2039
Y,124.01,1492
Y,124.1,1421
X,124.59,83.5
Y,125,3240
Y,126.1,5212
X,126.6,36.5
Y,127,706
Y,127.2,1761
Y,127.5,693
Y,127.9,3127
Y,128.43,749
X,129.64,72.7
Y,130.48,1493
Y,131.12,510
Y,131.7,996
X,133.3,44.6
Y,133.6,1113
X,134,70
X,134.3,37.8
M,135.2,699
Y,136.2,3470
X,136.7,87.4
X,136.7,116.3
Y,138.5,5309
Y,139.7,4252
Y,139.7,1396
X,140,97
Y,141.2,678
Y,141.3,2301
Y,142,1402
X,143,76.5
X,143.1,113.3
Y,145,2544
X,145.16,128.5
Y,146.0,931
X,147.3,56.4
X,148,271
X,148.3,220
X,149.26,61.98
Y,150,2000
X,150.5,54.6
Y,151,1401
X,151.2,56.7
Y,152.6,7590
Y,153.44,838
X,154.0,152
Y,154,1146
X,154.5,57.5
Y,154.79,2751
Y,155.2,3584
X,157,34
Y,157,691
Y,157.6,1502
X,157.8,69.3
X,158.7,66
X,159,72.3
Y,159,3163
Y,159.9,5046
X,161,62
Y,161.47,419
Y,161.5,3576
Y,161.51,2962
Y,162,2093
X,163.9,70.6
X,164.8,27
X,166.1,77.2
Z,167.60,1550
X,168,159
X,169.6,154
X,170,116
Y,170.1,274
X,173.3,67.7
X,174.6,78
Y,175.18,4954
X,177,138
X,178.11,132
X,181.8,68.0
X,182.9,128.7
X,184,78
X,185,62
X,185.7,63.6
X,187.4,91.8
X,189.6,56.1
X,190.2,27.56
X,191,71
X,191.7,64.3
C,192.03,58.4
Y,193,824
X,193.2,56.4
Y,194.4,813
X,195,90.2
X,195.3,50.0
Y,197.72,500.98
X,197.92,41.74
X,199.3,68.4
Y,203,718
X,203.9,63.5
X,203.9,63.5
X,206.2,48.5
X,209.2,66.2
X,210.33,78.1
X,216,65.1
X,216.59,111.72
X,223,102
X,226,87
Y,229,465
X,230.4,47.1
X,232,61
C,233,120
X,234.7,63.0
X,234.75,187.2
X,236,44.1
X,243.4,59.8
X,254.44,68.73
Y,258.22,529
X,274,66.9
X,276.7,58.9
X,277.8,55.7
X,286,68
X,287.4,49
X,287,49
X,289.9,66.8
X,294,43
Y,295,1994
X,301.6,99
X,301.9,49
X,304,106
X,306.3,76.2
X,310.6,44.8
X,314,377
X,315.1,54.7
X,316.6,73.2
X,317,111.0
X,317,62.8
X,328.1,87.8
X,329,66
X,330.8,53.7
X,336,56
X,342,54
X,344.6,145.8
X,348,75.6
X,357,81
X,357.28,111.4
X,364,82.3
X,365.6,64.4
X,372,62
X,378,54
X,381,54.2
X,381,82
X,381.37,84.5
C,386.61,43
X,389,158
X,391,39
X,395.41,14.25
X,396.9,53.8
X,430,21
X,442.8,32.1
X,443,49
X,448,69.0
X,454,49.3
X,455,140
X,468.6,76.4
X,475,62
X,489,70.2
X,506.1,65.1
X,508.6,62.6
X,532,62
X,534,56.8
X,552.0,58
X,556,80
X,570,81.4
X,577.2,180
X,578.92,148.16
X,586,57.0
X,603,25.8
X,604,33.0
X,614.03,32.03
X,617,51.2
X,621,70.2
X,634,63
X,648.5,78.2
X,677,59.9
X,678.5,58.7
X,693.38,124.4
X,705,42.7
X,729,40.6
X,765,68
X,823,44
C,844,213
X,880.6,47.2
X,959,71
X,999,47.2
X,1026,88
X,1038,45.4
X,1086,51.5
X,1128.8,38.3
X,1135,18.1
X,1219,54
X,1229,58.7
X,1234,21
X,1272,96.5
X,1296.0,33
X,1299.53,30.02
X,1357.41,45.8
X,1413,46.9
X,1453.1,43.7
X,1510.1,45.3
X,1528,46
X,1549.52,60
X,1581,116
X,1621,13
X,1693.89,63.2
X,1721,56.9
X,1848,6.9
X,1877,48
X,2224,31.6
X,2234.3,36.4
X,2377.19,18.5
X,2509.69,38.3
X,2525,12.6
X,2807,83
X,2882.4,21
X,3101.02,28.2
C,3290.1,31.5
X,4250,23.3
X,6227,61
X,6793,27
X,9455.1,28