Type,carbon_12_13,nitrogen_14_15,silicon_29_28,silicon_30_28
X,74.3,207.4,-685,-520
X,1581,116,-684,-490
X,234.75,187.2,-683,-501
X,455,140,-662,-770
X,823,44,-658,-234
X,140,97,-653,-446
X,199.3,68.4,-610,-360
X,136.7,116.3,-606,-195
X,145.16,128.5,-601,-528
X,223,102,-600,-459
X,169.6,154,-598,-523
X,1693.89,63.2,-588,-605
X,2807,83,-578,-468
X,9455.1,28,-569,-647
X,216.59,111.72,-556.53,-317.31
X,2377.19,18.5,-555,-694
X,148,271,-552,-438
X,578.92,148.16,-551,-472
X,1848,6.9,-540,-308
X,1234,21,-534,-510
X,121.1,103,-531,-659
X,3101.02,28.2,-521,-467
X,378,54,-521,-628
N,6.48,15.77,-489,-491
X,1510.1,45.3,-480,-363
X,1621,13,-476,-519
X,552.0,58,-473.3,-501.9
X,95,52,-469,-581
X,304,106,-459,-454
X,1272,96.5,-456,-496
X,317,62.8,-455,-705
X,391,39,-452,-387
X,344.6,145.8,-451,-347
X,534,56.8,-451,-719
X,1528,46,-450,-348
X,43.9,20.5,-448,-535
X,15.60,34.0,-447,-301
X,6227,61,-441,-430
N,4.02,11.61,-438,510
X,1026,88,-436,-494
X,111,125,-433,-500
X,448,69.0,-430,-572
X,115.6,45.2,-428,-617
X,149.26,61.98,-428,-456
X,40.4,55.3,-420,-480
X,26.1,29.2,-410,-568
X,216,65.1,-406,-658
X,1721,56.9,-404,-508
X,586,57.0,-402,-552
X,77,102,-391,-510
X,81.84,69.64,-387,-379
X,693.38,124.4,-382,-553
X,1549.52,60,-381,-589
X,99.6,182,-381,-407
N,4.18,30.1,-377,143
X,1135,18.1,-376,-585
X,1128.8,38.3,-375,-536
X,880.6,47.2,-374,-448
X,765,68,-370,-493
X,113,72,-367,-480
X,173.3,67.7,-366,-440
X,2882.4,21,-366,-705
X,151.2,56.7,-365,-491
X,2525,12.6,-363,-529
X,43,25,-361,-477
X,50.20,107.1,-360,-359
X,381,54.2,-355,-585
X,1413,46.9,-353,-496
X,2224,31.6,-350,-691
X,39,24.9,-350,-439
X,1219,54,-349,-427
X,677,59.9,-348,-594
X,1229,58.7,-348,-504
X,84.56,90.12,-346.49,-496.80
X,729,40.6,-346,-589
X,101.0,45,-346,-274
X,556,80,-345,-549
X,2234.3,36.4,-345,-668
X,21.4,49.2,-343,-333
X,1086,51.5,-339,-493
X,276.7,58.9,-338,-587
X,430,21,-337,-511
X,2509.69,38.3,-337,-582
X,389,158,-336,-491
X,1299.53,30.02,-335,-647.14
X,1357.41,45.8,-334.5,-461.88
X,185,62,-332,-467
X,570,81.4,-332,-463
X,348,75.6,-332,-467
X,119.3,66.1,-330,-467
X,147.3,56.4,-329,-490
X,342,54,-329,-392
X,92.4,71.1,-329,-384
X,230.4,47.1,-328,-458
X,634,63,-328,-512
X,678.5,58.7,-328,-552
X,294,43,-328,-522
X,317,111.0,-325,-468
X,170,116,-324,-429
X,617,51.2,-323,-484
X,621,70.2,-320,-445
X,316.6,73.2,-319,-593
X,191,71,-318,-517
X,1038,45.4,-314,-469
X,365.6,64.4,-314,-520
X,489,70.2,-314,-461
X,31.0,48.1,-314,-308
X,959,71,-313,-498
X,329,66,-312,-450
X,468.6,76.4,-312,-441
X,232,61,-311,-388
X,102.7,88.8,-310,-419
X,306.3,76.2,-309,-565
X,150.5,54.6,-309,-504
X,999,47.2,-307,-599
X,648.5,78.2,-306,-479
X,1453.1,43.7,-303,-438
X,161,62,-302,-461
X,113,164,-302,-248
X,243.4,59.8,-302,-471
X,603,25.8,-301,-433
X,442.8,32.1,-299,-416
X,185.7,63.6,-295,-432
X,396.9,53.8,-295,-456
X,454,49.3,-295,-458
X,614.03,32.03,-293.8,-411.49
X,364,82.3,-293,-430
X,475,62,-292,-501
X,190.2,27.56,-292.1,-448.3
X,506.1,65.1,-291,-417
X,328.1,87.8,-287,-481
X,508.6,62.6,-287,-404
X,6793,27,-286,-630
X,96,70,-286,-401
X,357,81,-284,-443
X,182.9,128.7,-283,-407
X,157.8,69.3,-282,-413
X,76.9,144.4,-281,-240
X,166.1,77.2,-277,-406
X,289.9,66.8,-277,-404
X,187.4,91.8,-276,-379
X,381,82,-276,-401
X,532,62,-275,-431
X,315.1,54.7,-275,-473
X,189.6,56.1,-274,-421
X,372,62,-274,-381
X,357.28,111.4,-273,-423
X,310.6,44.8,-272,-399
M,75.46,356.07,-269,455
X,191.7,64.3,-267,-498
X,301.6,99,-267,-417
X,195,90.2,-267,-373
X,177,138,-264,-389
X,195.3,50.0,-263,-407
X,210.33,78.1,-262.59,-377.79
X,157,34,-260,-465
X,164.8,27,-257,-392
X,381.37,84.5,-256.86,-363.14
X,234.7,63.0,-249,-375
X,314,377,-249,-504
X,168,159,-249,-388
X,705,42.7,-248,-398
X,159,72.3,-247,-373
X,443,49,-247,-367
X,136.7,87.4,-246,-363
X,277.8,55.7,-246,-403
X,254.44,68.73,-245,-412
X,274,66.9,-244,-381
X,134,70,-239,-362
X,17.8,58.0,-237,-336
AB,7.02,1775.6,-235,-64
X,49.0,71.1,-235,-309
X,133.3,44.6,-231,-361
X,134.3,37.8,-228,-410
X,203.9,63.5,-224,-400
X,154.5,57.5,-223,-378
X,178.11,132,-222,-357
X,206.2,48.5,-219,-365
X,1877,48,-215,-530
X,184,78,-213,-341
X,48.1,102.5,-211,-319
X,181.8,68.0,-211,-338
X,41,71,-209,-315
X,209.2,66.2,-208,-277
X,286,68,-207,-326
X,129.64,72.7,-204,-378
X,163.9,70.6,-203,-318
X,395.41,14.25,-202,-410
X,123.3,124.0,-201,-362
X,143,76.5,-200,-313
X,78.3,112.3,-198,-353
X,143.1,113.3,-195,-283
X,100.76,62.3,-194,-330
X,114.3,67.2,-193,-321
X,83.49,63.38,-188.17,-330.84
X,41.70,116.2,-188,-279
X,117,49,-188,-300
X,101,136,-186,-235
X,226,87,-185,-268
X,120.5,46.0,-181,-167
X,124.59,83.5,-180.32,-306.64
X,45.3,67.5,-180,-269
X,193.2,56.4,-177,-248
X,117.2,78.0,-176,-263
X,116.7,58.2,-173,-296
X,4250,23.3,-173,-338
Z,53.57,511.65,-172,24
M,66.34,660.29,-172,-184
X,68,86,-171,-273
X,56.92,167.2,-168,-142
N,5.59,6.82,-166,927
X,67,64,-165,-262
X,197.92,41.74,-160.85,-261.36
Z,76.9,1822,-157,282
X,119.4,110.4,-156,-197
Z,71.51,1419,-155,107
X,75.35,68.8,-155,-273
Y,115.40,3569,-154,874
X,42.8,135,-152,-216
X,94.4,68.1,-152,-246
X,203.9,63.5,-151,-264
X,82.2,71.9,-151,-255
X,90,83,-150,-218
X,101.9,102.0,-149,-262
X,114.3,59.4,-148,-244
X,84.3,74.6,-148,-249
Z,61,4927,-148,182
Z,61.24,1189.83,-148,207
Z,65,1110,-148,134
X,119,125,-145,-230
Z,41.31,587.4,-141,29
Z,52.1,323,-140,367
X,26.71,36.3,-137,-161
Z,60.7,3258,-136,196
Z,87.21,2134,-132,321
Z,94.44,1248,-131,354
X,74.7,85.7,-130,-205
X,35.6,34.8,-130,-199
X,39.5,62.7,-129,-200
Z,48.57,1130,-129,333
M,53.19,425.96,-126,90
X,87,87,-126,-219
Z,76.2,2431,-125,363
Z,65.48,3032,-124,237
Z,123,19020,-124,235
Z,50.22,1962,-119,296
X,85.9,82.4,-119,-194
Z,51,2147,-115,137
M,17.19,897.65,-113,168
X,236,44.1,-111,-101
N,6.8,5.22,-105,237
M,77.17,766.65,-104,-152
X,336,56,-99,-605
X,126.6,36.5,-98,-191
AB,3.4,317,-97,-72
M,18.98,458.02,-97,-12
Z,73.63,519,-96,121
X,101,22.6,-96,-189
M,90.87,674.18,-95,27
X,63.26,75.6,-94,-171
Y,197.72,500.98,-94,-68
Z,55.3,2113,-90.3,-6.2
Z,13.18,1264,-85.2,34.2
X,73.9,164.5,-81,-119
Z,54.03,1146.45,-81,36
X,88.3,152.0,-77,-68
M,43.45,763.01,-75,0
AB,8.65,2654,-69,-54
Z,37.77,434,-69,27
Z,46.10,936,-69.0,36.3
Y,113.11,942.53,-65,-53
Z,85.6,940,-61,29
M,66.56,751.08,-60,-19
M,97.96,1547,-60,-38
Z,48.52,499,-59,26
Z,80.44,368,-56,92
AB,6.2,490.5,-55,28
X,604,33.0,-55,-89
X,330.8,53.7,-55,-92
M,42.69,950.92,-53,-44
Z,167.60,1550,-53,34
M,17.7,912.13,-48,5
M,77.89,581,-47,5
AB,5.89,243.32,-45,-38
AB,5.97,500.83,-42,-41
Y,127.5,693,-42,-3
M,69.45,618,-42,-9
M,49.67,476.06,-39,-63
M,82.11,3907,-36,-5
AB,4.47,143,-35,-18
AB,3.5,275.12,-35,-16
Y,118,3468,-35,17
AB,7.40,75,-34,18
Y,130.48,1493,-34,5
AB,4.55,151,-33,-16
AB,2.37,111.03,-32.51,-19.50
M,65.87,4355.43,-31.17,-3.91
Y,124.01,1492,-31,-5
M,67.4,620,-30.8,-2.6
Z,32.8,559,-30,17
M,64.55,5038.77,-29.84,-8.91
Y,119,1610,-29.2,0.9
Z,23,1347,-29,153
M,30.76,3366,-29,10
AB,2.36,231,-28,7
AB,5.29,397,-27.7,-16.2
AB,4.25,4680,-27,14
M,58.69,413.14,-27,40
M,96.75,2007.48,-27,-17
M,44.84,2570,-27,4
AB,3.23,396,-26,-4
AB,3.27,384,-25,-3
M,64.36,1459,-24,16
AB,3.27,374,-23,-4
Y,150,2000,-22.6,18.8
Y,146.0,931,-22.4,23.5
Y,116.1,480,-22.4,9.9
M,57.5,1475.87,-22,21
M,94.4,2164,-22,-7
X,50.8,250.7,-21,-44
M,33.8,1167,-21.2,15.7
M,34.36,1864,-21,24
M,51.29,718.52,-21,26
M,65.70,1113,-21,23
M,68.36,1433,-21,-1
AB,2.83,132,-21,-7
M,86.0,2793,-20.6,-1.3
M,91.1,300,-20.6,-10.8
M,45.70,497,-20,13
AB,3.26,97,-20,-16
AB,3.73,514.17,-20,13
AB,4.37,176,-20,1
AB,5.55,329,-20,22
Z,28,3869,-20,91
Y,112.65,1491,-20,16
Y,117.97,1696,-20,16
Y,98.85,829.34,-19.93,14.04
Y,122.0,396,-19.9,25.2
M,83.6,2532,-19.4,-1.9
M,44.5,1665,-19.2,9.9
AB,6.43,3061,-19,10
M,67.17,1623,-19,18
Z,25.6,6536,-18.8,26.8
Y,99.5,293,-19,12
M,45.5,1094,-18.2,2.6
M,77.7,239,-18.0,16.9
AB,8.78,4514,-18,9
M,51.3,263,-18,14
M,57.3,969.62,-18,24
M,87.06,2594,-18,-1
M,46.98,1051,-17,2
M,33.40,2007,-16,-8
AB,7.39,756,-16,69
M,93.1,1380,-16,2
Y,154.79,2751,-16,8
AB,3.02,101,-15.9,-9.7
M,90.2,304,-16,39
M,90.4,340,-15.7,0.4
Y,123,1024,-15.6,32.2
M,82.85,1877,-15,9
AB,9.01,4286,-15,33
Z,11,6461,-15,65
Y,110,336,-15,34
Y,159,3163,-14.9,63.7
AB,3.42,382,-14,17
M,90.29,516.87,-14,-107
M,67.0,769,-13.9,26.2
AB,6.10,475,-14,32
M,91.9,309,-13.6,-20.3
AB,6.86,1919,-13,3
M,11.12,996.66,-13,-31
M,33.99,2505,-13,40
M,46.4,1651.29,-13,35
M,46.61,3365,-13,18
M,47.08,2392,-13,5
M,59.61,1863.78,-13,28
Y,145,2544,-12.7,55.6
Y,112,2388,-12.5,26.9
M,37.29,513.02,-12,25
M,46.48,994,-12,15
M,46.78,1214,-12,21
M,60.57,3288,-12,22
M,66.52,368.91,-12,16
M,98.1,1423,-12,3
Y,141.2,678,-12,44
M,45.0,2421,-11.7,-11.5
AB,8.89,4303,-12,14
M,16.7,1658,-11.3,-0.1
M,41.35,831,-11,31
M,57.7,244,-11,-14
AB,9.71,1101,-10,3
AB,3.02,116.2,-10.4,11.9
M,52.8,4069,-10,25
Z,57.3,660,-10,31
M,90.0,256,-10,-36
M,94.0,651,-9.4,16.8
Z,65.50,5556,-9.4,35.4
AB,2.98,96,-9,2
AB,3.17,99,-9,-2
AB,3.46,422,-9,4
AB,3.5,423,-9,4
M,52.77,494.54,-9,7
M,64.9,2755,-9,26
M,92.59,270,-9.0,-11.1
Y,112,311,-9,14
AB,6.3,1552,-8,24
M,53.03,1450,-8,26
M,91.7,1463,-8,33
M,54.91,1405,-8,6
Y,151,1401,-7.4,69
AB,3.15,109,-7,19
Y,153.44,838,-7,60
M,89.1,290,-7,-12
Y,124,2039,-6.3,28.0
M,26.53,1686,-6,12
AB,3.05,265,-6,0
M,58.22,2011,-6,14
AB,6.89,4487,-6,29
M,94.15,907,-5.9,24.7
AB,5.81,851.92,-5.64,16.40
AB,8.820,1792,-5.6,26.5
AB,6.33,473,-6,42
Y,161.51,2962,-5,47
M,27.0,1753,-5.0,17.3
AB,3.41,114,-5,10
M,22.5,229,-5,-6
M,88.87,267,-5,2
M,93.46,286,-4.3,-0.6
M,93.27,281,-4.2,-7.4
AB,2.90,97,-4,14
AB,3.59,99,-4,-4
N,8.4,13.7,-4,149
M,53.3,1499,-4,14
M,95.48,2833,-4,27
M,10.29,1416,-4,-1
Y,108.38,1313,-4,23
M,93.17,261,-3.5,-1.6
X,49,64,-3.2,-14.5
AB,2.97,577,-3,5
M,72.88,521,-3,38
AB,4.42,1567,-3,46
M,52,3003,-3,3
M,91.42,2444,-3,30
M,92.2,1437,-3,16
Y,128.43,749,-3,6
M,93.17,288,-2.8,-3.2
Y,162,2093,-2.8,63.7
AB,3.24,178,-3,8
M,92.88,248,-2.2,-2.5
M,78.55,2397.27,-2.02,-29.21
AB,2.92,109,-2,12
AB,6.13,971,-2,29
AB,7.37,516.87,-2,38
M,25.18,1233,-2,19
M,52.16,528.79,-2,76
M,93.37,269,-2.0,-3.8
Y,105.6,970,-2,37
Y,121.8,1412,-1.6,35.7
M,62.9,816,-1,50
Y,161.47,419,-1,60
M,92.40,296,-1.2,-3.8
AB,6.94,3205,-1,47
AB,8.82,10107,-1,21
M,42.30,4196,-1,32
M,52.25,3893,-1,31
M,65.7,1849,-1,22
M,91.83,282,-0.7,3.2
M,92.98,276,-0.7,-3.9
AB,9.0,649,0,26
AB,5.11,1031.52,0,4
AB,5.87,5741,0,23
AB,6.06,819,0,34
AB,7.03,6669,0,37
M,58.55,1339,0,27
M,59.7,2136,0,13
M,63.77,1076.7,0,-5
M,49.22,346,1,19
Y,117.12,534,1,25
M,47.4,5348,0.9,11.8
AB,5.97,313,1,18
AB,3.87,141,1,13
AB,4.25,122,1,5
M,45.61,893,1,20
M,49.18,769.14,1,-101
M,57.86,430.2,1,-49
M,91.55,284,1.0,-1.1
M,91.83,317,1.1,3.1
Y,121.9,555,1,85
AB,2.31,118,2,28
M,54.2,1367,2,6
Y,106,1309,2.3,52
M,87.58,772,3,36
M,90.7,326,2.7,0.1
M,80.74,3003,3,29
M,92.88,292,2.9,-6.0
M,93.56,268,2.9,0.1
M,62.29,1099,3,41
M,92.98,289,3.0,2.9
M,68.3,407,3.2,-2.2
M,90.9,289,3.5,4.7
AB,5.83,649.5,4,13
AB,6.15,842,4,39
AB,6.23,819,4,41
M,90.14,951,4,32
M,66.28,793.18,5,-46
M,87.35,2849,5,29
AB,4.0,154,5,16
AB,11.27,2143.63,5.60,23.16
M,68.16,1041.68,5.60,23.46
AB,2.57,90,6,15
AB,3.04,99,6,6
AB,3.20,58,6,22
AB,6.89,614.25,6,53
AB,8.80,1471,6,41
M,22.56,453.48,6,-6
M,68.55,1385,7,43
M,86.4,859,6.8,28.5
Z,69.64,1180,7,223
M,47.07,985,7,7
AB,3.25,132,7,42
AB,6.66,1452,7,46
AB,8.76,1940,7,36
M,49.8,430,7,19
Y,175.18,4954,8,78
AB,4.04,136,8,31
M,37.10,789,8,37
M,89.83,1640,8,38
Y,157,691,8.0,87.0
Y,119.69,890,9,48
Y,102,1238,8.9,39.2
AB,1.94,78,9,31
AB,7.87,420,9,21
M,35.7,474,9,-14
M,50.97,1895.09,9,-23
M,83.22,786.73,9,32
M,90.44,290,9.1,8.0
M,88.7,471,9.3,23.7
Y,125,3240,10,42
M,90.8,287,10.1,11.1
Z,45.7,282,10,113
M,73.20,648,11,27
M,80.07,1171.49,12.65,13.45
M,46.6,3891,12.8,34.8
AB,3.26,56,13,54
AB,3.46,270.95,13,11
M,22.44,918,13,39
M,58.66,735,13,28
M,91.18,2645,13,42
AB,8.31,2171,14,19
M,49.1,2176,14,13
M,59.54,906.96,14,12
M,86.77,1008,14,49
M,55.30,3356,14.2,25.9
M,57.30,3472,14.2,33.1
M,74.9,658,14,-48
M,84.06,2394,15,14
Y,122,920,14.6,69
M,56.13,812,15,27
AB,4.54,3602,15,-4
AB,4.87,110,15,24
M,49.75,431,15,43
M,58.27,880,15,48
Z,49.68,521,16,178
M,62.64,543,16,20
M,73.34,2101,16,32
M,63.5,515,16,29
M,60.75,718.71,16,-80
M,83.68,1835,16,58
Y,154,1146,16.0,62.0
M,54.33,209,17,6
M,45.03,921,17,43
AB,2.22,79,17,39
AB,4.62,4127,17,-2
AB,6.22,175.33,17,-23
M,84.68,476,17,33
M,72.31,701,17,24
M,74.97,926,18,50
AB,2.74,347,18,9
AB,11.1,516,18,46
M,73.3,794,18,25
AB,5.45,243,18,11
AB,4.43,158,18.3,170.8
M,60.34,569.88,19,-100
M,85.02,1047,19,18
M,31.26,2149,19,-3
M,54.17,214,19,23
M,71.88,2960.81,19.51,16.40
M,52.30,1090.57,19.89,21.69
AB,1.88,67,20,33
AB,6.53,3677,20,9
M,92.4,1388,20,47
M,56.47,1383,20,12
M,91.03,1480,21,20
AB,1.96,80,21,31
AB,3.11,296,21,33
AB,9.9,502,21,54
M,45.64,587.08,21.41,31.70
Z,75.00,5208,21.5,62.3
M,61.22,597,22,45
M,77.3,3745,21.9,31.0
M,52.29,824.51,22,-23
M,74.31,2082,22,43
M,37.9,2451,22.5,23.5
Y,123,2275,22.9,79.6
AB,2.37,138,23,29
AB,2.71,305,23,42
AB,4.77,3140,23,4
M,61.66,869.24,23,-27
M,71.68,655.34,23,44
M,74.5,884,23,31
Y,295,1994,23.0,171.7
Y,258.22,529,23,135
M,74.3,558,23.3,27.9
M,57.47,5356.11,23.51,34.35
M,37.8,1067,23.7,37.4
M,73.85,2364.70,23.89,41.70
M,52.75,2473,24,36
M,53.2,2170,24,43
M,57.03,494.54,24,-30
M,70,1681,24,52
M,75.16,1284,24,47
M,68.41,1871,24,44
AB,4.69,2950,25,16
M,44.88,705.34,25,66
M,51.91,417.63,25,112
M,66.35,4454,25,46
Y,120,3378,25.2,66.2
M,81.35,1371,25,43
AB,3.48,1422,26,28
M,65.38,1036.33,26,-28
M,72.03,1111,26,45
M,84.1,2160,26.4,56.4
M,68.33,788,27,38
AB,3.72,259.39,27,-9
M,51.17,518,27,54
M,52.9,1765,27,58
M,58.0,2058,27.0,38.7
M,62.6,532.58,27,6
M,65.00,4448,27,20
M,66.07,1828,27,45
M,66.16,1763.68,27,40
M,78.01,2194,27,45
M,86.36,2235,27,48
M,72.0,2941,27.4,41.7
M,60.6,603,27.4,19.0
M,74.0,1028,28,57
M,20.09,500,27.8,29.8
Y,114.9,306,28,80
AB,7.55,662,28,32
M,56.32,1086,28,30
M,69.49,620,28,45
M,76.66,564,29,34
AB,3.46,157,29,59
AB,7.27,2707,29,21
AB,8.31,2081,29,53
M,66.3,2323,29,34
M,81.56,669,29,46
Y,193,824,29.1,85.3
AB,7.93,1751,30,48
AB,9.40,2687,30,76
M,40.29,7452,30,54
M,49.2,781,30,53
M,57.84,1134,30,51
M,71.67,2123,30,38
M,65.9,770,30.2,17.9
M,65.40,1637,30.6,50.1
M,92.51,2333,31,20
M,74,3049,30.7,42.6
M,48.31,1625,31,13
M,70.21,1065.24,31,-85
AB,2.92,107,31,36
M,51.94,737,31.1,39.1
M,60.5,1023,31.3,53.0
M,73.27,595,32,43
M,65.50,1256,32,31
M,54,531,31.7,23.2
AB,5.51,1230,31.9,13.9
M,79.69,683,32,34
AB,3.46,186,32,19
AB,4.18,294,32,56
M,76.76,897,32,39
AB,9.74,330,32,30
M,50.0,400,32.3,29.3
M,49.3,305,32.4,29.9
M,55.4,809,32.7,18.4
M,48.7,341,32.9,46.6
AB,3.55,219,33,28
AB,4.56,3301,33,13
AB,5.17,794,33,48
AB,6.07,2169,33,20
AB,9.06,48,33,83
M,73.8,2251,33,53
M,78.5,427,33.0,32.3
M,14.01,747,34,45
AB,3.573,62.6,34,60
M,52.7,2653,33.9,33.1
AB,5.4,381,34,26
M,68.48,979,34,43
M,24.29,4485,34,50
M,64.7,1066,34.6,56.5
M,64.60,3368.07,34.75,43.17
M,49.50,610,34.8,38.2
M,61.5,568,34.8,28.9
M,71.0,803,35.0,41.8
AB,6.02,299.37,35,29
M,36.88,3729,35,46
M,47.56,623.82,35,-10
M,65.49,2831,35,43
M,76.1,661,35.1,38.4
M,68.96,906.30,35.13,30.82
M,75.36,2253,35,36
M,10.12,2955,35,5
M,45.50,1578,35,36
M,65.4,416,35.5,25.7
M,56.87,1176,36,48
M,62.3,1287,35.9,35.7
M,59.63,494,36,41
M,48.64,716,35.9,43.1
M,65.19,1725,36,44
M,68.83,3074,36,42
M,63.8,419,36.2,42.3
M,59.6,903,36.3,32.8
M,62.20,2985,36.5,22.9
M,72.0,659,36.9,46.3
AB,2.71,286,37,48
AB,6.15,1587,37,17
M,16.93,774.58,37,11
M,54.09,2467,37,42
M,63.19,1413,37,47
M,75.00,1784,37,41
M,81.8,377,37.0,50.8
AB,6.052,3546,37,-47
M,95.86,790,38,4
M,48.90,356,37.8,44.9
M,49.31,408,37.9,41.1
M,57.87,399,38,40
M,72.52,3872.74,37.99,38.17
M,45.45,1045,38,45
AB,7.92,1367,38,49
M,19.3,370,38,55
M,52.1,567.36,38,56
M,68.99,1104,38,39
M,70.75,2353,38,54
M,76.9,1879,38,55
M,48.3,462,38.4,51.4
M,61.15,1219,39,47
M,48.85,935,38.6,45.0
M,49.7,310,38.7,43.7
AB,4.51,179.45,39,44
AB,5.76,1135,39,39
AB,6.24,632,39,47
M,14.96,611.96,39,12
Y,115.1,1667,39,90
M,64.3,1233,39.0,38.4
M,60.9,809,39,45
M,48.72,1314,39.5,43.0
M,55.3,4950,39.5,32.9
M,75.24,566,40,29
M,65.9,703,39.7,46.8
M,65.05,1052,40,31
M,45.87,1208,40,31
M,64.86,1373,40,57
M,56.3,555,40,42
M,61.78,1836,40,35
M,61.82,617,40,45
M,62.05,2801,40,45
M,68.2,650,40,49
M,68.43,653,40,27
M,71.14,919,40,54
M,83.20,495,40,13
M,85.8,515,40,61
M,48.98,883,40.7,32.5
M,65.44,564,41,42
AB,5.16,1755,41,22
M,53.02,384.09,41,16
M,57.6,536.78,41,37
M,63.2,1473,41,31
M,63.72,1499,41,54
M,81.82,1258,41,47
M,63.57,3430,41,33
M,76.9,693,42.0,54.3
M,19.57,1951.22,42,29
M,48.98,374,42.0,39.1
M,67.41,1009,42,46
M,68.14,2097,42,52
AB,6.47,272,42,65
M,28.83,2844,42,39
M,49.01,467,42.4,44.5
M,51.8,1449,43,38
M,64.4,2024,42.6,48.2
M,48.38,353,42.8,52.9
M,48.59,1088,42.9,50.8
AB,5.80,711,43,41
M,24.32,1448.52,43,37
M,32.08,2390,43,54
M,47.39,2087,43,65
M,67.12,2331,43,53
M,70.35,310,43,52
M,83.8,1186,43,37
M,63.29,2448,43,50
M,48.69,678,43.3,44.3
M,48.82,716,43.4,47.0
AB,9.69,267,44,35
M,48.4,306,43.6,53.9
M,63.50,3236,43.6,48.0
M,76.43,815,44,43
M,50.6,3058,44.0,45.9
M,43.9,1375,44,40
M,64.79,523,44,45
M,65.85,727,44,47
M,75.91,1489,44,49
M,78.33,1027,44,41
M,74.27,3203.20,44.09,41.41
M,48.56,2015,44.2,52.3
M,62.4,1714,44,51
M,74.0,411,44.6,54.0
M,76.15,2708,45,48
AB,2.45,39,45,47
AB,4.75,2672,45,33
AB,4.87,81,45,53
AB,8.70,2468,45,52
M,27.67,3173,45,41
M,48.91,450,45,62
M,63.94,1183,45,50
M,67.7,307,45,48
M,80.51,453,45.2,40.3
M,72.3,2618,45.4,39.6
M,27.04,3349.01,45.42,48.18
M,60.62,1381.92,45.61,33.17
M,74.08,615.29,45.80,36.70
M,44.74,485,46,68
M,73.40,2463,46.0,51.3
AB,4.92,2335,46,10
M,52.6,1424,46,53
M,60.89,2974,46,48
M,61.03,1530,46,31
M,61.59,1800,46,48
M,62.79,1211,46,38
M,68.00,5622,46,62
M,68.74,2729,46,45
M,64.0,4132,46.1,55.6
M,61.90,3425,46.2,38.7
AB,5.80,4612,47,36
M,63.05,542,47,49
Y,106,1537,46.9,93.8
AB,11.4,648,47,29
M,49.28,1189,47,60
M,75.68,2763,47,68
M,55.2,3012,47.1,55.9
M,47.86,388,47.3,55.7
M,62.03,1025,47,42
M,52.4,7937,47.5,36.0
M,63.80,3413,47.7,51.5
Y,127,706,47.8,28.5
AB,6.26,441,48,34
M,62.7,3876,47.9,51.0
M,41.98,1531,48,65
M,61.22,1776,48,55
M,61.6,828,48,38
M,61.65,1258,48,49
M,61.7,3412,48,51
M,63.1,1198,48,46
M,72.7,430,48,52
M,50.65,1605,48,61
M,47.68,961,48.1,63.1
M,63.10,5435,48.1,50.1
AB,6.82,462,48,54
M,64.46,1486,48,42
M,76.09,557,48,45
M,64.6,4444,48.5,59.5
M,23.71,733,49,46
M,52.1,374,48.9,58.0
AB,3.65,796,49,31
M,27.66,4262,49,53
M,27.80,3891,49.0,59.8
M,35.13,3807,49,45
M,39.2,1456,49,52
M,43.57,911,49,56
M,58.13,1801,49,53
M,61.18,1761,49,62
Y,72.73,933,49,99
M,59.77,302,49,36
M,69.50,3984,49.5,64.4
M,55.63,1384,50,51
AB,5.57,4712,50,31
M,44.73,759.45,50,41
M,53.47,759,50,62
M,53.71,2459,50,57
M,62.81,2061,50,56
M,63.38,2696,50,49
M,60.20,1942,50.8,51.5
AB,4.98,529,51,27
AB,5.59,332.76,51,65
M,28.21,469.8,51,29
M,41.7,3479,51,59
M,62.69,1764,51,73
M,62.9,3817,51.3,49.2
M,28.40,1195,51,49
M,64.25,523,52,60
M,14.61,504,52,35
M,27.37,1796,52,69
M,58.40,1914,52,46
M,60.93,1121,52,57
M,61.64,1797,52,52
M,62.6,374,52,55
M,63.2,459,52,54
M,61.90,6711,52.1,53.7
AB,5.2,2725,52,23
M,62.70,865,52.6,57.5
M,61.90,1137,53,37
M,76.70,316.91,52.85,14.63
M,78.7,587,53,48
M,22.16,4589,53,45
M,39.76,2964,53,63
M,60.77,1199,53,63
M,72.69,1511,53,58
M,73.92,3066,53,49
M,62.80,2874,53.2,60.1
AB,6.32,279,53,42
M,63.93,1528,54,59
AB,4.79,68,53.9,67.4
M,60.83,3560.59,53.99,47.00
AB,3.59,2798,54,54
M,53.82,2711,54,65
M,54,796,54,53
M,54.45,884,54,67
M,61.17,1143,54,55
M,73.45,1668,54,63
M,74.55,1069.99,54,37
M,63.6,378,54,25
M,40.9,1842,54.3,55.5
M,71.26,2270,55,45
M,62.89,741.39,54.76,49.06
M,27.85,1397,55,70
M,76.9,658,55.0,55.3
AB,4.83,6188,55,36
N,5.1,19.7,55,119
M,27.30,1719,55,63
M,60.67,4556,55,54
M,60.89,2183,55,60
M,61.05,1431,55,40
M,61.35,2248,55,66
M,62.5,1084,55,61
M,74.29,2004,55,67
M,64.79,357,55,61
M,63.35,1088,55.3,47.8
M,50.3,2160,55.6,54.9
M,69.0,463,56,37
AB,2.57,459.04,56,81
AB,5.42,3989,56,36
M,36.49,2193,56,65
M,51.1,1051.15,56,52
M,54.68,1608,56,45
M,60.12,576,56,52
M,61.14,3769,56,57
M,62.4,1272,56,63
M,65.00,2018,57,28
M,45.55,4695,57,38
M,25.3,476,57,53
M,45.67,1792.28,57,43
M,59.58,924,57,41
M,30.45,364,58,57
AB,3.83,729,58,59
AB,4.10,991,58,47
AB,4.7,1554,58,46
AB,5.33,485.76,58,48
M,43.9,1515,58,64
M,45.91,693,58,43
M,61.3,883,58,64
M,58.31,705,58.1,32.3
M,37.4,237,58,58
M,46.75,547,59,83
AB,4.86,5838,59,71
AB,8.27,724,59,53
M,60.9,320,59,80
M,67.11,410.32,59,-4
M,73.10,1540,59,64
M,63.72,692,59,61
M,47.2,1175,60,73
M,59.78,1761,60,59
M,64.6,1215,60,67
M,73.29,1374,60,64
M,28.30,1256,60.6,57.9
M,62.33,1119,61,54
AB,4.87,2742,61,54
M,31.71,2007,61,58
M,45.7,2455,61,50
M,69.93,1184,61,53
M,37.2,2571,61.2,53.1
AB,6.24,360,62,76
M,41.07,321.25,61.61,53.47
M,68.6,1040,62,-4
AB,4.66,187.18,62,56
AB,4.80,3612,62,46
AB,9.0,1364,62,23
AB,9.03,1364,62,23
M,47.84,1008,62,58
M,54.16,1061.48,62,11
M,60.43,1416,62,75
M,67.4,332,62,58
M,75.83,986,62,62
M,47.72,425,63,70
Y,229,465,62.8,72.8
AB,5.37,2272,63,51
M,48.69,632,63,68
M,49.59,851,63,74
M,50.25,1574,63,50
M,67.78,813,63,54
M,57.6,296,63.6,44.9
U,18.70,10007.55,63.71,58.48
M,26.70,3204,64,57
AB,2.35,115,64,29
AB,2.66,79,64,78
M,53.71,754,64,69
M,54.74,1367,64,38
AB,2.87,134,64,38
Y,115,2747,64.2,95.2
M,49.86,549,64.5,75.2
M,19.26,7143,64.5,51.3
M,48.20,738,65,71
AB,2.66,57,65,68
M,67.61,931,65,57
M,47.2,1502,65.4,68.4
M,46.25,2522,66,79
M,25.64,2167.23,66.19,56.71
M,49.50,2217,66.3,53.6
Y,115,2424,66.3,65
M,64.54,1546,67,65
M,49.40,1744.08,66.57,58.77
M,43.8,1164,67,75
M,47.5,830,67,65
M,72.0,1163,67.6,46.1
AB,4.49,326,68,54
M,17.03,651.69,68,51
M,30.23,420.81,68,46
M,63.21,488,68,72
M,48.53,5684.76,68.09,64.66
M,21.8,718,68.6,71.9
M,51.00,1190,68.7,65.4
AB,6.58,3506,69,53
M,58.61,1261,69,70
M,56.40,3425,69.1,58.5
M,51.7,345,69.3,64.2
M,65.74,625,69,68
M,47.80,845,70,70
M,56.07,2717,70,62
M,65.24,943,70,55
M,44.2,1709,70.4,56.1
M,48.24,1348,70,61
M,44.50,3096,70.4,61.7
AB,4.770,431,70.6,51.6
M,63.0,226,71,56
M,49.08,328,72,75
M,61.50,3115,71.6,54.6
M,19.43,1736,72,57
M,57.80,897,72,72
AB,5.15,2928,72,52
M,49.40,455,72,71
M,50.76,1983,72,61
M,55.06,912.99,72,52
M,19.20,2097,72,66
M,34.76,749,72,71
M,92.57,1866,73,48
M,57.7,435,73,56
M,60.00,5747,73.4,71.0
M,57.26,1155,74,71
M,55.15,1248,74,70
M,59.91,2169,74,81
M,69.4,524,74,62
M,53.0,383,74,68
M,55.11,823,74,53
M,45.98,399,75,85
M,47.27,1290,75,74
M,59.73,1733,75,67
M,38.20,1620,76,76
M,43.20,641,76.0,75.2
M,40.8,2315,76,76
M,50.5,571.57,76,79
M,62.93,1449,76,72
M,68.7,543,76,39
M,61.35,2741,76,63
M,68.16,1318,76,42
M,51.2,389,76.5,86.1
M,59.30,4032,76.6,68.3
M,53.93,1895,77,70
AB,2.98,340,77,57
M,46.59,1280.06,77.81,68.78
M,68.1,1368,78.3,81.1
AB,2.35,240,79,75
AB,2.86,543,79,75
AB,5.69,281,79,63
AB,7.76,776,79,76
M,53.24,5493,80,79
M,56.4,705,80,77
M,59.25,748,80,60
M,60.3,319,80,49
M,78.02,1586,80,74
M,50.9,375,80.6,67.6
M,54.3,1477,81,90
M,50.3,3937,81.0,78.2
M,90.40,1771,81,89
AB,6.61,1577,82,57
M,47.41,1537,82,76
M,89.65,980,82,66
M,41.71,1818,82,89
M,55.33,2005.21,82.19,67.60
M,71.3,476,83,53
M,55.68,323,83,74
AB,6.87,290,83,37
AB,7.04,9819,83,72
M,41.51,462,83,78
M,47.08,636,83,66
M,72.9,658.48,83,17
M,92.3,1011,83.0,96.7
M,70.4,354,84,60
AB,6.81,4039,84,78
M,54.87,1201,84,48
AB,3.08,464,84,72
Y,142,1402,84.3,120.6
AB,2.15,118,85,71
AB,7.07,840,85,72
M,57.41,1578,85,82
M,68.01,701,85,74
M,90.52,873,85,85
AB,2.97,463,86,62
AB,4.08,432.62,86,106
AB,5.75,259,86,73
M,57.9,931.57,86,4
M,52.75,718.39,86.00,73.78
M,54.57,1889,86.4,73.2
M,55.10,2028,86.6,83.3
AB,2.95,591,87,78
M,50.68,1246,87,69
M,92.51,1056,87,69
M,49.80,717,87,84
M,56.58,924.27,87.14,80.55
M,52.69,2927.76,87.34,74.96
M,51.62,1170,87,65
M,42.30,2174,87.8,99.1
AB,3.21,114,88,86
M,27.4,1577,88,98
M,53.15,503,88,55
M,55.7,536,88,72
M,48.79,3800.70,88.10,79.37
M,92.83,563,88,62
M,19.87,401,89,72
M,46.09,2922,89,77
M,51.91,2970,89,67
M,44.90,2924,89.2,72.2
M,50.30,2353,89.6,70.4
AB,20,91,90,0
M,21.7,5370,90,76
M,55.91,1497,90,87
M,52.12,2345,90.1,73.1
M,53.10,4202,90.8,80.6
M,58.51,396,91,76
M,45.94,3602.52,90.96,81.72
AB,4.87,1371,91,64
M,49.54,1249,91,84
M,89.66,1184,91,98
M,49.37,2115.77,91.34,74.37
M,40.16,3051,92,82
M,48.58,799,92,93
M,49.10,865,92,86
Z,23.58,2041,92.4,193.2
AB,5.03,2334,93,74
M,48.29,2241,94,88
M,52.80,680,94.7,77.0
M,93,1751,94.7,92.8
M,52.39,2144,95,91
M,48.90,1767,95.0,87.4
M,52.65,419,95.1,83.1
M,51.64,2184,95,80
AB,8.74,917,96,82
Y,203,718,95.8,183.4
M,51.54,1138,96,83
AB,6.80,6623,96,91
M,39.72,865,97,94
M,48.8,1417,97,100
M,51,395,97,89
M,52.99,626,97,90
M,33.02,921,98,82
M,49.04,667,98,103
M,49.18,1944,98,99
AB,9.80,249,98,66
M,56.00,5814,98.5,86.2
M,57.5,434,98.6,73.5
M,60.22,1283,99,92
M,50.80,2801,99.9,79.4
AB,5.29,475.21,100,71
M,46.81,2968,100,94
M,46.97,884,100,74
M,51.12,120.96,100,22
M,49.17,3926,101,90
AB,4.50,1689,101.7,63.8
M,51.68,1145,102,102
M,55.52,2908,102,83
M,58.79,1938.35,102.39,87.02
M,43.8,197,103,84
M,51.86,2566,103,50
M,52.40,1294,103.4,84.2
M,53.13,303,104,89
M,50.81,1561,104,94
M,38.99,1068,104,100
M,49.64,876,104,75
M,69.4,314,104,135
M,57.91,2709,106,75
M,44.34,491.5,107,-34
M,46.33,1095,107,76
M,62.30,2000,107.0,93.9
M,38.28,298,107,91
M,55.0,970,107,18
AB,3.74,206,109,80
M,52.2,413,110.3,101.2
AB,3.73,161.66,110.96,70.54
M,52.6,2081,111,89
M,52.33,755.99,111.15,94.67
M,48.05,899,112,96
M,46.62,417,112,95
M,53.3,1356,114,97
M,54.2,3702,114,91
M,59.85,1008,115,90
M,56.82,742,115,101
M,46.67,2324,116,98
M,37.79,963,117,104
M,22.03,1007.1,119,97
M,52.31,1557,120,107
M,44.00,1153,120.0,102.1
M,51.2,398,123,116
M,54.64,340,124,105
X,96.8,34.5,124,-363
Y,2.2,35.22,124,191
M,46.64,1465,126,110
M,31.63,1945,127,102
M,55.39,553,127,116
M,47.0,252,128,113
M,22.8,1131,128.1,104.2
M,47.50,4386,128.3,104.9
M,27.80,3791,129,102
M,38.3,794,131,129
M,50.1,2160,132,109
M,46.01,3163,133,126
M,46.5,3441,133,112
M,52.39,589,134,103
AB,3.60,1540,136,80
M,33.19,469,136,116
M,42.00,331,137,102
M,52.31,411,137,120
AB,4.66,3279,138.8,113.1
M,49.30,480,139,117
M,43.2,978.28,140,112
M,45.46,435,140,107
M,50.28,534.95,140.49,101.44
M,45.3,1682,141,104
M,43.1,481,141.8,107.7
M,54.99,1231,142,102
M,51.3,418,142.6,121.9
M,47.60,736,143,121
M,50.3,646,144,108
M,43.15,1915,145,119
M,47.74,442.83,146,111
M,45.26,2071,150,134
M,51.80,907,150,130
M,41.89,445,151,124
M,34.07,522,151,127
AB,4.81,282,153,111
AB,4.69,2516,154,135
AB,4.38,308,156,100
AB,4.4,308,156,100
M,45.1,785.89,156,-446
M,39.88,1310,158,117
M,43.79,2151,160,135
M,46.1,3367,162.3,136.4
M,42.69,1053,164,119
M,40.48,756,165,140
M,41.63,2109,165,110
M,41.1,2833,166.9,136.6
M,41.30,3597,168.3,141.9
M,27.40,1502,169.8,134.4
M,42.2,675,170.9,141.8
M,42,2068,171,126
AB,8.68,1300,174,116
M,39.28,2049,174,152
M,27.70,4902,175.5,126.6
M,26.76,971,179,138
M,51.0,387,187,127
AB,7.8,1293,188.6,125.2
M,42.66,1322,190,148
AB,7.37,1696.55,192.32,120.27
X,148.3,220,200,-17
AB,7.74,446,201,132
M,42.78,684,203,159
U,4.4,305,380,326
M,42.23,231.71,422,397
M,74.17,332.61,577,-187
C,108.93,147.00,1082,1207
C,233,120,1280,1007
C,192.03,58.4,1345,1272
C,386.61,43,1362,1245
C,3290.1,31.5,1608,1283
C,844,213,2677,3287